"Aaronsburg",1091
"Abbottstown",3555
"Abington",17309
"Ackermanville",0
"Acme",2545
"Acosta",264
"Adah",1179
"Adamsburg",287
"Adamstown",960
"Adamsville",267
"Addison",681
"Adrian",1181
"Airville",2724
"Akron",4524
"Alba",0
"Albion",6261
"Albrightsville",4429
"Alburtis",4699
"Aleppo",398
"Alexandria",2678
"Aliquippa",34619
"Allenport",290
"Allensville",756
"Allentown",152315
"Allenwood",5807
"Allison",420
"Allison Park",24323
"Allport",0
"Altoona",65568
"Alum Bank",1873
"Alverda",272
"Alverton",554
"Amberson",0
"Ambler",30031
"Ambridge",12881
"Amity",1368
"Analomink",0
"Andreas",1269
"Anita",458
"Annville",10243
"Antes Fort",0
"Apollo",15057
"Aquashicola",55
"Arcadia",104
"Archbald",6574
"Arcola",0
"Ardara",230
"Ardmore",12902
"Arendtsville",0
"Aristes",256
"Armagh",920
"Armbrust",0
"Arnot",354
"Arona",406
"Artemas",359
"Ashfield",0
"Ashland",6623
"Ashville",1687
"Aspers",2428
"Aston",21019
"Atglen",2906
"Athens",6200
"Atlantic",1199
"Atlasburg",306
"Auburn",4468
"Audubon",0
"Aultman",337
"Austin",1380
"Avella",3706
"Avis",1511
"Avondale",5094
"Avonmore",1689
"Baden",9569
"Bainbridge",2466
"Bairdford",247
"Bakerstown",345
"Bala Cynwyd",9299
"Bally",1021
"Bangor",16633
"Barnesville",2076
"Bart",0
"Barto",5477
"Bartonsville",1753
"Bath",11488
"Bausman",0
"Beach Haven",261
"Beach Lake",2151
"Beallsville",377
"Bear Creek",245
"Bear Lake",857
"Beaver",15126
"Beaver Falls",29522
"Beaver Meadows",1330
"Beaver Springs",1379
"Beaverdale",0
"Beavertown",1861
"Beccaria",136
"Bechtelsville",2600
"Bedford",12155
"Bedminster",0
"Beech Creek",2070
"Belle Vernon",16808
"Bellefonte",22891
"Belleville",4841
"Bellwood",3136
"Belsano",0
"Bendersville",576
"Benezett",192
"Bensalem",53564
"Bentleyville",3771
"Benton",4420
"Berlin",7075
"Bernville",6293
"Berrysburg",354
"Berwick",19465
"Berwyn",10911
"Bessemer",1656
"Bethel",3431
"Bethel Park",30825
"Bethlehem",116037
"Beyer",0
"Big Cove Tannery",630
"Big Run",727
"Bigler",303
"Biglerville",5507
"Birchrunville",101
"Bird In Hand",1461
"Birdsboro",15755
"Black Lick",332
"Blain",1162
"Blairs Mills",662
"Blairsville",11189
"Blakeslee",3437
"Blanchard",854
"Blandburg",315
"Blandon",5286
"Blooming Glen",0
"Bloomsburg",28313
"Blossburg",1672
"Blue Ball",0
"Blue Bell",18246
"Blue Ridge Summit",1068
"Boalsburg",4055
"Bobtown",788
"Boiling Springs",5222
"Bolivar",1927
"Boswell",4186
"Bovard",0
"Bowers",265
"Bowmansdale",0
"Bowmanstown",895
"Bowmansville",0
"Boyers",1000
"Boyertown",17396
"Boynton",56
"Brackenridge",3543
"Brackney",1816
"Braddock",11434
"Bradenville",617
"Bradford",18482
"Bradfordwoods",1174
"Branchdale",502
"Branchton",0
"Brandamore",320
"Brandy Camp",0
"Brave",414
"Breezewood",1333
"Breinigsville",3592
"Bridgeport",4992
"Bridgeville",14530
"Brier Hill",0
"Brisbin",413
"Bristol",22075
"Broad Top",690
"Brockport",1563
"Brockton",365
"Brockway",5378
"Brodheadsville",2505
"Brogue",2080
"Brookhaven",16499
"Brooklyn",141
"Brookville",9841
"Broomall",20386
"Brownfield",0
"Brownstown",192
"Brownsville",9406
"Bruin",534
"Brush Valley",0
"Bryn Athyn",54
"Bryn Mawr",21485
"Buck Hill Falls",40
"Buckingham",0
"Buena Vista",708
"Buffalo Mills",997
"Bulger",1966
"Bunola",382
"Burgettstown",7824
"Burlington",182
"Burnham",1995
"Burnside",283
"Burnt Cabins",297
"Bushkill",7252
"Butler",58042
"Byrnedale",627
"Cabot",4392
"Cadogan",390
"Cairnbrook",1212
"California",4331
"Callensburg",220
"Callery",444
"Calumet",0
"Calvin",209
"Cambra",98
"Cambridge Springs",6460
"Cammal",0
"Camp Hill",34142
"Campbelltown",264
"Camptown",0
"Canadensis",2164
"Canonsburg",31992
"Canton",5049
"Carbondale",14672
"Cardale",128
"Carlisle",52064
"Carlton",529
"Carmichaels",5115
"Carnegie",19074
"Carrolltown",3098
"Carversville",0
"Cashtown",0
"Cassandra",136
"Cassville",425
"Castanea",0
"Catasauqua",9322
"Catawissa",5461
"Cecil",1843
"Cedar Run",0
"Cedars",0
"Center Valley",6282
"Centerport",327
"Centerville",3384
"Central City",2812
"Centre Hall",3818
"Chadds Ford",8954
"Chalfont",17764
"Chalk Hill",0
"Chambersburg",47886
"Chambersville",55
"Champion",1303
"Chandlers Valley",0
"Charleroi",11658
"Chatham",0
"Cheltenham",6631
"Cherry Tree",2843
"Cherryville",66
"Chest Springs",110
"Chester",38762
"Chester Heights",0
"Chester Springs",7520
"Chestnut Ridge",345
"Cheswick",8484
"Cheyney",774
"Chicora",5614
"Chinchilla",0
"Christiana",4661
"Clairton",17341
"Clarence",698
"Clarendon",2033
"Claridge",864
"Clarington",281
"Clarion",10449
"Clark",500
"Clarks Mills",614
"Clarks Summit",21978
"Clarksburg",1798
"Clarksville",2207
"Claysburg",3795
"Claysville",4892
"Clearfield",14315
"Clearville",2247
"Clifford",195
"Clifton Heights",23351
"Clinton",3868
"Clintonville",528
"Clune",0
"Clymer",3973
"Coal Center",2042
"Coal Township",10556
"Coaldale",2295
"Coalport",2015
"Coatesville",41609
"Coburn",422
"Cochranton",5714
"Cochranville",4539
"Cocolamus",0
"Codorus",631
"Cogan Station",5436
"Cokeburg",705
"Collegeville",30866
"Colmar",873
"Columbia",17333
"Columbia Cross Roads",2513
"Columbus",721
"Colver",1199
"Commodore",1662
"Concord",0
"Concordville",0
"Conestoga",4438
"Confluence",2427
"Conneaut Lake",5625
"Conneautville",3684
"Connellsville",22735
"Connoquenessing",564
"Conshohocken",16530
"Conway",2297
"Conyngham",1589
"Cooksburg",167
"Coolspring",143
"Coopersburg",12091
"Cooperstown",1516
"Coplay",7162
"Coral",278
"Coraopolis",37804
"Cornwall",582
"Corry",11675
"Corsica",1191
"Coudersport",5987
"Coulters",154
"Coupon",0
"Covington",1350
"Cowanesque",0
"Cowansville",1133
"Crabtree",452
"Craley",0
"Cranberry",1051
"Cranberry Twp",23625
"Cranesville",1758
"Creamery",0
"Creekside",1694
"Creighton",1053
"Crescent",2242
"Cresco",4135
"Cresson",4983
"Cressona",1571
"Crosby",213
"Cross Fork",129
"Crown",0
"Croydon",10129
"Crucible",642
"Crum Lynne",3906
"Crystal Spring",431
"Cuddy",576
"Cumbola",382
"Curllsville",0
"Curryville",167
"Curtisville",0
"Curwensville",5348
"Custer City",288
"Cyclone",484
"Dagus Mines",0
"Daisytown",1162
"Dallas",16577
"Dallastown",9622
"Dalmatia",1603
"Dalton",5418
"Damascus",1224
"Danboro",0
"Danielsville",3085
"Danville",18622
"Darby",21404
"Darlington",3459
"Darragh",41
"Dauphin",4020
"Davidsville",1786
"Dawson",1936
"Dayton",2302
"De Lancey",146
"De Young",0
"Defiance",112
"Delano",380
"Delaware Water Gap",744
"Delmont",4851
"Delta",5654
"Denbo",137
"Denver",14154
"Derrick City",267
"Derry",7203
"Devault",0
"Devon",7408
"Dewart",278
"Dickerson Run",372
"Dickson City",5322
"Dilliner",1475
"Dillsburg",15306
"Dilltown",71
"Dimock",161
"Dingmans Ferry",6736
"Distant",95
"Dixonville",325
"Donegal",760
"Donora",5768
"Dornsife",1163
"Douglassville",10721
"Dover",22770
"Downingtown",41450
"Doylesburg",331
"Doylestown",47310
"Dravosburg",2015
"Dresher",5610
"Drexel Hill",32013
"Drifting",306
"Drifton",309
"Driftwood",447
"Drumore",1153
"Drums",7131
"Dry Run",767
"Du Bois",20609
"Dublin",2083
"Dudley",192
"Duke Center",984
"Dunbar",5386
"Duncannon",8703
"Duncansville",12876
"Dunlevy",397
"Dunlo",168
"Duquesne",7332
"Durham",0
"Duryea",4151
"Dushore",2498
"Dysart",851
"Eagles Mere",315
"Eagleville",0
"Earlington",0
"Earlville",91
"East Berlin",7050
"East Brady",2086
"East Butler",679
"East Earl",5320
"East Freedom",2114
"East Greenville",5548
"East Hickory",143
"East Mc Keesport",2354
"East Millsboro",1074
"East Petersburg",4740
"East Pittsburgh",3616
"East Prospect",678
"East Smethport",255
"East Smithfield",322
"East Springfield",1477
"East Stroudsburg",35796
"East Texas",0
"East Vandergrift",742
"East Waterford",1042
"Easton",69774
"Eau Claire",355
"Ebensburg",9667
"Ebervale",0
"Edgemont",0
"Edinboro",12830
"Edinburg",3772
"Effort",7619
"Eighty Four",5012
"Elco",362
"Elderton",358
"Eldred",2956
"Elgin",0
"Elizabeth",11676
"Elizabethtown",26955
"Elizabethville",3135
"Elkins Park",19110
"Elkland",1786
"Elliottsburg",1788
"Ellsworth",1083
"Ellwood City",17821
"Elm",0
"Elmhurst",0
"Elmora",0
"Elrama",291
"Elton",243
"Elverson",5835
"Elysburg",3973
"Emeigh",0
"Emigsville",240
"Emlenton",3592
"Emmaus",17153
"Emporium",5323
"Endeavor",80
"Enola",14026
"Enon Valley",2502
"Entriken",90
"Ephrata",29448
"Equinunk",1229
"Erie",186871
"Ernest",501
"Erwinna",577
"Essington",4217
"Etters",9877
"Evans City",5771
"Everett",8350
"Everson",983
"Export",8505
"Exton",14341
"Factoryville",4520
"Fairbank",0
"Fairchance",3276
"Fairfield",6938
"Fairhope",796
"Fairless Hills",13500
"Fairmount City",1191
"Fairview",7950
"Fairview Village",0
"Fallentimber",1666
"Falls",1759
"Falls Creek",1982
"Fannettsburg",506
"Farmington",3085
"Farrell",6170
"Fawn Grove",2094
"Fayette City",2430
"Fayetteville",8876
"Feasterville Trevose",24657
"Felton",5599
"Fenelton",2044
"Ferndale",0
"Finleyville",7549
"Fisher",0
"Fishertown",519
"Fleetville",276
"Fleetwood",14085
"Fleming",0
"Flicksville",0
"Flinton",841
"Flourtown",4724
"Fogelsville",3205
"Folcroft",6898
"Folsom",8337
"Fombell",2255
"Forbes Road",386
"Force",199
"Ford City",8697
"Ford Cliff",412
"Forest City",4908
"Forest Grove",0
"Forestville",101
"Forksville",756
"Fort Hill",353
"Fort Littleton",367
"Fort Loudon",1647
"Fort Washington",6019
"Fountainville",278
"Foxburg",369
"Frackville",8631
"Franconia",0
"Franklin",17240
"Franklintown",0
"Frederick",73
"Fredericksburg",2935
"Fredericktown",2390
"Fredonia",2197
"Freeburg",708
"Freedom",7752
"Freeland",5970
"Freeport",5194
"Frenchville",1437
"Friedens",4038
"Friedensburg",61
"Friendsville",1199
"Frostburg",0
"Fryburg",538
"Furlong",2891
"Gaines",583
"Galeton",2132
"Gallitzin",2777
"Gans",0
"Gap",5753
"Garards Fort",183
"Gardenville",0
"Gardners",4219
"Garland",327
"Garrett",1385
"Gastonville",0
"Geigertown",117
"Genesee",1469
"Georgetown",2596
"Germansville",2304
"Gettysburg",25620
"Gibbon Glade",333
"Gibson",94
"Gibsonia",23196
"Gifford",426
"Gilbert",459
"Gilberton",487
"Gilbertsville",10335
"Gillett",3471
"Gipsy",235
"Girard",8529
"Girardville",2035
"Gladwyne",4050
"Glasgow",0
"Glassport",4993
"Glen Campbell",1051
"Glen Hope",149
"Glen Lyon",1892
"Glen Mills",13740
"Glen Richey",188
"Glen Riddle Lima",0
"Glen Rock",7128
"Glenmoore",7425
"Glenolden",13735
"Glenshaw",14921
"Glenside",32019
"Glenville",2394
"Goodville",0
"Gordon",781
"Gordonville",4322
"Gouldsboro",4794
"Gradyville",0
"Grampian",1936
"Grand Valley",750
"Grantham",187
"Grantville",3769
"Granville",149
"Granville Summit",781
"Grapeville",553
"Grassflat",613
"Gratz",0
"Gray",215
"Graysville",863
"Great Bend",1217
"Greeley",1322
"Green Lane",4108
"Greencastle",16411
"Greenock",0
"Greensboro",1757
"Greensburg",57255
"Greentown",4000
"Greenville",19128
"Grindstone",2689
"Grove City",15269
"Grover",0
"Guys Mills",3076
"Gwynedd",497
"Gwynedd Valley",714
"Hadley",2029
"Halifax",7616
"Hallstead",3468
"Hamburg",10742
"Hamilton",132
"Hamlin",0
"Hannastown",177
"Hanover",43764
"Harborcreek",2632
"Harford",200
"Harleigh",94
"Harleysville",20938
"Harmonsburg",50
"Harmony",4564
"Harrisburg",156270
"Harrison City",2920
"Harrison Valley",729
"Harrisonville",1074
"Harrisville",3311
"Hartleton",183
"Hartstown",892
"Harveys Lake",3908
"Harwick",982
"Hastings",2651
"Hatboro",20467
"Hatfield",18043
"Haverford",6652
"Havertown",36300
"Hawk Run",422
"Hawley",9803
"Hawthorn",587
"Hazel Hurst",376
"Hazleton",35680
"Hegins",2346
"Heilwood",331
"Hellertown",10298
"Hendersonville",0
"Henryville",1974
"Hereford",818
"Herman",0
"Herminie",2363
"Hermitage",13490
"Herndon",2079
"Herrick Center",62
"Hershey",15069
"Hesston",696
"Hibbs",376
"Hickory",1481
"Hidden Valley",0
"Highspire",2746
"Hiller",555
"Hilliards",1067
"Hillsdale",0
"Hillsgrove",284
"Hillsville",392
"Hilltown",188
"Holbrook",1002
"Holicong",0
"Hollidaysburg",15399
"Hollsopple",3182
"Holmes",2816
"Holtwood",3390
"Home",2469
"Homer City",7073
"Homestead",20437
"Honesdale",13163
"Honey Brook",10044
"Honey Grove",821
"Hookstown",2507
"Hooversville",1552
"Hop Bottom",1217
"Hopeland",0
"Hopewell",1698
"Hopwood",3206
"Horsham",16705
"Hostetter",0
"Houston",5029
"Houtzdale",5324
"Howard",4635
"Hughesville",5928
"Hummels Wharf",0
"Hummelstown",18826
"Hunker",2057
"Hunlock Creek",5885
"Huntingdon",17720
"Huntingdon Valley",20451
"Huntington Mills",300
"Hustontown",1406
"Hutchinson",322
"Hyde",468
"Hyde Park",513
"Hydetown",0
"Hyndman",2940
"Hyner",176
"Ickesburg",1073
"Idaville",0
"Imler",1546
"Immaculata",581
"Imperial",6743
"Indian Head",320
"Indiana",34170
"Indianola",628
"Industry",3938
"Ingomar",0
"Intercourse",0
"Irvine",313
"Irvona",1419
"Irwin",44880
"Isabella",90
"Jackson",200
"Jackson Center",1617
"Jacobs Creek",276
"James City",301
"James Creek",1362
"Jamestown",3898
"Jamison",7873
"Jeannette",20102
"Jefferson",1455
"Jenkintown",19046
"Jenners",424
"Jennerstown",313
"Jermyn",6454
"Jerome",624
"Jersey Mills",20
"Jersey Shore",13149
"Jessup",4238
"Jim Thorpe",6956
"Joffre",64
"Johnsonburg",3792
"Johnstown",77260
"Jones Mills",366
"Jonestown",6517
"Josephine",0
"Julian",2773
"Junedale",48
"Kane",6678
"Kantner",0
"Karns City",2163
"Karthaus",967
"Keisterville",0
"Kelayres",503
"Kelton",0
"Kemblesville",0
"Kempton",3076
"Kennerdell",1622
"Kennett Square",18493
"Kent",95
"Kersey",3992
"Kimberton",0
"King Of Prussia",21893
"Kingsley",1824
"Kingston",32747
"Kintnersville",2663
"Kinzers",2094
"Kirkwood",2556
"Kittanning",18922
"Kleinfeltersville",0
"Klingerstown",674
"Knox",4494
"Knox Dale",264
"Knoxville",1423
"Koppel",896
"Kossuth",368
"Kreamer",325
"Kresgeville",665
"Kulpmont",3494
"Kulpsville",0
"Kunkletown",7675
"Kutztown",14539
"Kylertown",426
"La Belle",333
"La Jose",470
"La Plume",0
"Laceyville",2784
"Lackawaxen",399
"Lafayette Hill",10145
"Lahaska",0
"Lairdsville",83
"Lake Ariel",12113
"Lake City",4136
"Lake Como",224
"Lake Harmony",439
"Lake Lynn",897
"Lake Winola",256
"Lakeville",945
"Lakewood",618
"Lamar",434
"Lamartine",0
"Lampeter",0
"Lancaster",149863
"Landenberg",9829
"Landingville",0
"Landisburg",2300
"Landisville",6272
"Lanesboro",150
"Langeloth",609
"Langhorne",32578
"Lansdale",51722
"Lansdowne",28744
"Lanse",545
"Lansford",4230
"Laporte",314
"Larimer",99
"Latrobe",28016
"Lattimer Mines",461
"Laughlintown",611
"Laurelton",244
"Laurys Station",1262
"Lavelle",197
"Lawn",252
"Lawrence",1252
"Lawrenceville",2162
"Lawton",173
"Le Raysville",819
"Lebanon",62531
"Leck Kill",275
"Leckrone",145
"Lecontes Mills",0
"Lederach",0
"Leechburg",10156
"Leeper",1247
"Leesport",7578
"Leetsdale",1215
"Lehigh Valley",0
"Lehighton",18329
"Lehman",0
"Leisenring",197
"Lemasters",0
"Lemont",795
"Lemont Furnace",2733
"Lemoyne",5682
"Lenhartsville",1988
"Lenni",0
"Lenoxville",201
"Leola",9324
"Levittown",64626
"Lewis Run",2526
"Lewisberry",5758
"Lewisburg",17623
"Lewistown",21898
"Lewisville",0
"Liberty",1190
"Lickingville",151
"Lightstreet",0
"Ligonier",9107
"Lilly",3865
"Limekiln",0
"Limeport",0
"Limestone",56
"Lincoln University",7428
"Linden",3267
"Line Lexington",508
"Linesville",5125
"Lionville",0
"Listie",0
"Lititz",36610
"Little Meadows",779
"Littlestown",9698
"Liverpool",3201
"Llewellyn",190
"Lock Haven",18429
"Locust Gap",388
"Locustdale",150
"Loganton",2728
"Loganville",0
"Long Pond",2696
"Lopez",501
"Loretto",3421
"Lost Creek",199
"Lowber",297
"Loyalhanna",657
"Loysburg",332
"Loysville",2364
"Lucernemines",511
"Lucinda",1213
"Ludlow",389
"Lumberville",0
"Lurgan",0
"Luthersburg",978
"Luxor",214
"Luzerne",3002
"Lykens",4362
"Lyndell",0
"Lyndora",1167
"Lyon Station",504
"Mackeyville",121
"Macungie",14276
"Madera",1088
"Madison",551
"Madisonburg",256
"Mahaffey",1851
"Mahanoy City",5725
"Mahanoy Plane",380
"Mainesburg",694
"Mainland",0
"Malvern",22605
"Mammoth",0
"Manchester",6840
"Manheim",19225
"Manns Choice",1754
"Manor",1344
"Manorville",401
"Mansfield",7295
"Mapleton Depot",1577
"Mar Lin",343
"Marble",486
"Marchand",0
"Marcus Hook",27365
"Marianna",1793
"Marienville",1732
"Marietta",6196
"Marion",630
"Marion Center",2945
"Marion Heights",755
"Markleton",875
"Markleysburg",1806
"Mars",9786
"Marshalls Creek",0
"Marsteller",129
"Martin",119
"Martindale",0
"Martins Creek",553
"Martinsburg",5674
"Mary D",283
"Marysville",4745
"Masontown",4605
"Matamoras",3873
"Mather",758
"Mattawana",0
"Maxatawny",0
"Mayport",1607
"Maytown",0
"Mc Alisterville",3132
"Mc Clellandtown",2494
"Mc Clure",4691
"Mc Connellsburg",4678
"Mc Connellstown",0
"Mc Donald",11259
"Mc Elhattan",109
"Mc Ewensville",314
"Mc Grann",271
"Mc Intyre",158
"Mc Kean",3987
"Mc Kees Rocks",22537
"Mc Knightstown",131
"Mc Sherrystown",3386
"Mc Veytown",4520
"Mcadoo",3189
"Mcgees Mills",1851
"Mckeesport",47702
"Meadow Lands",62
"Meadville",28883
"Mechanicsburg",59235
"Mechanicsville",0
"Media",37327
"Mehoopany",1676
"Melcroft",413
"Mendenhall",0
"Mentcle",155
"Mercer",13253
"Mercersburg",7899
"Merion Station",5951
"Merrittstown",0
"Mertztown",4252
"Meshoppen",3225
"Mexico",0
"Meyersdale",6326
"Middleburg",7642
"Middlebury Center",1256
"Middleport",458
"Middletown",21556
"Midland",4747
"Midway",982
"Mifflin",1873
"Mifflinburg",9583
"Mifflintown",7065
"Mifflinville",1213
"Milan",1112
"Milanville",399
"Mildred",430
"Milesburg",1187
"Milford",11477
"Milford Square",0
"Mill Creek",1222
"Mill Hall",6736
"Mill Run",1532
"Mill Village",269
"Millersburg",6852
"Millerstown",3791
"Millersville",9580
"Millerton",2445
"Millheim",831
"Millmont",2155
"Millrift",224
"Mills",124
"Millsboro",295
"Millville",3634
"Milnesville",112
"Milroy",3483
"Milton",11521
"Mineral Point",2055
"Mineral Springs",313
"Minersville",4686
"Mingoville",58
"Minisink Hills",186
"Modena",610
"Mohnton",11144
"Mohrsville",3561
"Monaca",13828
"Monessen",8678
"Monocacy Station",0
"Monongahela",12275
"Monroeton",1716
"Monroeville",29394
"Mont Alto",1758
"Mont Clare",1608
"Montandon",624
"Montgomery",5741
"Montgomeryville",5
"Montoursville",12181
"Montrose",8520
"Moosic",5474
"Morann",176
"Morgan",340
"Morgantown",3750
"Morris",811
"Morris Run",309
"Morrisdale",3916
"Morrisville",53212
"Morton",7257
"Moscow",12435
"Moshannon",528
"Mount Aetna",161
"Mount Bethel",3569
"Mount Braddock",0
"Mount Carmel",8174
"Mount Gretna",602
"Mount Holly Springs",3732
"Mount Jewett",1284
"Mount Joy",14224
"Mount Morris",1966
"Mount Pleasant",16451
"Mount Pleasant Mills",2805
"Mount Pocono",3255
"Mount Union",5451
"Mount Wolf",4425
"Mountain Top",14213
"Mountainhome",0
"Mountville",5527
"Muir",224
"Muncy",11955
"Muncy Valley",998
"Munson",342
"Murrysville",12723
"Muse",670
"Myerstown",12397
"Nanticoke",14185
"Nanty Glo",5094
"Narberth",9824
"Narvon",6854
"Natrona Heights",11996
"Nazareth",21384
"Needmore",1809
"Neelyton",220
"Neffs",0
"Nelson",587
"Nemacolin",1034
"Nescopeck",3831
"Nesquehoning",3898
"New Albany",1924
"New Alexandria",3970
"New Baltimore",168
"New Bedford",215
"New Berlin",940
"New Berlinville",221
"New Bethlehem",5075
"New Bloomfield",3911
"New Brighton",14114
"New Buffalo",123
"New Castle",57926
"New Columbia",3363
"New Cumberland",14398
"New Derry",986
"New Eagle",2272
"New Enterprise",1912
"New Florence",3487
"New Freedom",6925
"New Freeport",919
"New Galilee",1863
"New Geneva",0
"New Germantown",0
"New Holland",12821
"New Hope",13199
"New Kensington",41690
"New Kingstown",84
"New London",0
"New Milford",3431
"New Millport",292
"New Oxford",11801
"New Paris",2715
"New Park",1145
"New Philadelphia",1616
"New Providence",4768
"New Ringgold",3122
"New Salem",3087
"New Stanton",3356
"New Tripoli",5049
"New Wilmington",6240
"Newburg",3126
"Newell",551
"Newfoundland",1933
"Newmanstown",4299
"Newport",7051
"Newry",249
"Newton Hamilton",272
"Newtown",27121
"Newtown Square",16203
"Newville",11507
"Nicholson",3564
"Nicktown",721
"Nineveh",133
"Normalville",2570
"Norristown",79507
"North Apollo",1426
"North Bend",477
"North East",14161
"North Springfield",0
"North Versailles",11053
"North Wales",24387
"North Washington",0
"Northampton",15953
"Northern Cambria",6001
"Northpoint",32
"Northumberland",7436
"Norvelt",459
"Norwood",5985
"Nottingham",4873
"Noxen",1486
"Nu Mine",396
"Numidia",0
"Nuremberg",704
"Oak Ridge",239
"Oakdale",9287
"Oakland Mills",119
"Oakmont",6911
"Oaks",0
"Ohiopyle",1176
"Oil City",17758
"Olanta",782
"Old Forge",8798
"Old Zionsville",0
"Oley",3720
"Oliveburg",156
"Oliver",320
"Olyphant",9803
"Oneida",175
"Ono",203
"Orangeville",2802
"Orbisonia",1625
"Orefield",6585
"Oreland",7243
"Orrstown",2631
"Orrtanna",3027
"Orson",0
"Orviston",86
"Orwigsburg",6650
"Osceola",893
"Osceola Mills",3087
"Osterburg",1404
"Ottsville",3645
"Oxford",13340
"Palm",300
"Palmerton",259
"Palmyra",525
"Paoli",6804
"Paradise",3854
"Parker",3245
"Parker Ford",196
"Parkesburg",6294
"Parkhill",0
"Parryville",478
"Patton",3907
"Paupack",254
"Paxinos",1350
"Paxtonville",189
"Peach Bottom",3622
"Peach Glen",0
"Peckville",5410
"Pen Argyl",6506
"Penfield",1457
"Penn",1347
"Penn Run",1692
"Penns Creek",639
"Penns Park",0
"Pennsburg",6975
"Pennsylvania Furnace",2002
"Penryn",0
"Pequea",2315
"Perkasie",21214
"Perkiomenville",5701
"Perryopolis",3691
"Petersburg",2209
"Petrolia",1625
"Philadelphia",1547297
"Philipsburg",8425
"Phoenixville",32944
"Picture Rocks",693
"Pillow",304
"Pine Forge",0
"Pine Grove",8920
"Pine Grove Mills",0
"Pineville",0
"Pipersville",6336
"Pitcairn",3695
"Pitman",764
"Pittsburgh",736800
"Pittsfield",2165
"Pittston",37883
"Plainfield",158
"Pleasant Hall",0
"Pleasant Mount",1028
"Pleasant Unity",570
"Pleasantville",2039
"Plumsteadville",0
"Plumville",326
"Plymouth",9704
"Plymouth Meeting",13692
"Pocono Lake",3034
"Pocono Lake Preserve",0
"Pocono Manor",125
"Pocono Pines",1489
"Pocono Summit",2131
"Pocopson",0
"Point Marion",2501
"Point Pleasant",0
"Polk",2713
"Pomeroy",173
"Port Allegany",4384
"Port Carbon",2271
"Port Clinton",286
"Port Matilda",5099
"Port Royal",2987
"Port Trevorton",2506
"Portage",7187
"Porters Sideling",0
"Portersville",3359
"Portland",579
"Pottersdale",97
"Potts Grove",113
"Pottstown",56268
"Pottsville",26401
"Poyntelle",0
"Presto",713
"Preston Park",82
"Pricedale",111
"Prompton",433
"Prospect",2166
"Prospect Park",6665
"Prosperity",2106
"Pulaski",3058
"Punxsutawney",14400
"Quakake",719
"Quakertown",31084
"Quarryville",10715
"Quecreek",0
"Queen",194
"Quentin",118
"Quincy",0
"Railroad",300
"Ralston",259
"Ramey",525
"Ransom",125
"Ravine",0
"Reading",190787
"Reamstown",0
"Rebersburg",1325
"Rebuck",149
"Rector",600
"Red Hill",2384
"Red Lion",18198
"Reeders",0
"Reedsville",4062
"Refton",0
"Rehrersburg",675
"Reinholds",5019
"Renfrew",3632
"Reno",417
"Renovo",2673
"Republic",1536
"Revere",0
"Revloc",610
"Rew",294
"Rexmont",0
"Reynoldsville",6559
"Rheems",296
"Rices Landing",1540
"Riceville",0
"Richboro",10349
"Richeyville",734
"Richfield",2426
"Richland",2642
"Richlandtown",1181
"Riddlesburg",147
"Ridgway",7360
"Ridley Park",11278
"Riegelsville",2482
"Rillton",322
"Rimersburg",3727
"Ringgold",287
"Ringtown",2558
"Riverside",1083
"Rixford",572
"Roaring Branch",1006
"Roaring Spring",5023
"Robertsdale",759
"Robesonia",5002
"Robinson",483
"Rochester",9887
"Rochester Mills",957
"Rock Glen",251
"Rockhill Furnace",414
"Rockton",894
"Rockwood",3740
"Rogersville",190
"Rome",3367
"Ronco",321
"Ronks",3874
"Roscoe",901
"Rossiter",1800
"Rossville",0
"Roulette",1342
"Rouseville",472
"Rouzerville",0
"Rowland",82
"Roxbury",0
"Royersford",21427
"Ruffs Dale",3230
"Rural Ridge",179
"Rural Valley",2089
"Rushland",0
"Russell",3747
"Russellton",931
"Sabinsville",557
"Sacramento",430
"Sadsburyville",397
"Saegertown",5573
"Sagamore",361
"Saint Benedict",491
"Saint Boniface",0
"Saint Clair",3524
"Saint Johns",0
"Saint Marys",14568
"Saint Michael",0
"Saint Peters",0
"Saint Petersburg",437
"Saint Thomas",3546
"Salford",0
"Salfordville",0
"Salina",279
"Salisbury",2460
"Salix",1655
"Salona",65
"Saltillo",343
"Saltsburg",4689
"Sandy Lake",2796
"Sandy Ridge",329
"Sarver",7827
"Sassamansville",220
"Saxonburg",4948
"Saxton",3076
"Saylorsburg",11057
"Sayre",10811
"Scenery Hill",1920
"Schaefferstown",927
"Schellsburg",1759
"Schenley",0
"Schnecksville",6326
"Schuylkill Haven",11014
"Schwenksville",12899
"Sciota",1028
"Scotland",87
"Scotrun",1744
"Scottdale",8396
"Scranton",95430
"Seanor",0
"Selinsgrove",15345
"Sellersville",11485
"Seltzer",307
"Seminole",78
"Seneca",3276
"Seven Valleys",4636
"Seward",2764
"Sewickley",16518
"Shade Gap",1043
"Shady Grove",0
"Shamokin",10006
"Shamokin Dam",0
"Shanksville",245
"Sharon",16371
"Sharon Hill",8923
"Sharpsville",9130
"Shartlesville",260
"Shavertown",8784
"Shawanese",0
"Shawnee On Delaware",176
"Shawville",0
"Sheakleyville",164
"Sheffield",2438
"Shelocta",3234
"Shenandoah",7864
"Sheppton",630
"Shermans Dale",5354
"Shickshinny",6665
"Shinglehouse",3187
"Shippensburg",23246
"Shippenville",3564
"Shippingport",0
"Shirleysburg",767
"Shoemakersville",4380
"Shohola",2240
"Shrewsbury",4789
"Shunk",343
"Sidman",3280
"Sigel",1188
"Silver Spring",0
"Silverdale",489
"Sinnamahoning",160
"Sipesville",0
"Six Mile Run",1195
"Skippack",706
"Skytop",87
"Slate Run",0
"Slatedale",256
"Slatington",11609
"Slickville",723
"Sligo",2076
"Slippery Rock",13049
"Slovan",417
"Smethport",4146
"Smicksburg",1743
"Smithfield",6473
"Smithmill",489
"Smithton",1969
"Smock",2382
"Smokerun",183
"Smoketown",119
"Snow Shoe",1367
"Snydersburg",0
"Snydertown",0
"Solebury",0
"Somerset",17155
"Souderton",12451
"South Canaan",119
"South Fork",3381
"South Gibson",201
"South Heights",542
"South Montrose",0
"South Mountain",0
"South Park",11458
"South Sterling",318
"Southampton",39779
"Southeastern",0
"Southview",205
"Southwest",461
"Spangler",1386
"Spartansburg",2869
"Spinnerstown",0
"Spraggs",731
"Sprankle Mills",58
"Spring Church",1322
"Spring City",9718
"Spring Creek",605
"Spring Glen",324
"Spring Grove",11498
"Spring House",0
"Spring Mills",3524
"Spring Mount",270
"Spring Run",1301
"Springboro",2157
"Springdale",4648
"Springfield",24153
"Springs",181
"Springtown",173
"Springville",1656
"Sproul",113
"Spruce Creek",562
"St Clairsville",1404
"Stahlstown",1546
"Star Junction",788
"Starford",121
"Starlight",438
"Starrucca",520
"State College",59820
"State Line",0
"Sterling",0
"Stevens",6924
"Stevensville",379
"Stewartstown",8332
"Stillwater",1262
"Stockdale",664
"Stockertown",556
"Stoneboro",2440
"Stoystown",3422
"Strabane",818
"Strasburg",5679
"Strattanville",1754
"Strausstown",339
"Strongstown",336
"Stroudsburg",26654
"Stump Creek",389
"Sturgeon",344
"Sugar Grove",2898
"Sugar Run",889
"Sugarloaf",3622
"Summerdale",444
"Summerhill",2376
"Summerville",1938
"Summit Hill",2974
"Summit Station",213
"Sumneytown",0
"Sunbury",17303
"Suplee",0
"Susquehanna",5675
"Sutersville",801
"Swarthmore",9907
"Sweet Valley",2204
"Swengel",0
"Swiftwater",789
"Sybertsville",95
"Sycamore",777
"Sykesville",1335
"Sylvania",0
"Tafton",941
"Talmage",0
"Tamaqua",11473
"Tamiment",0
"Tannersville",2784
"Tarentum",10542
"Tarrs",771
"Tatamy",930
"Taylor",5382
"Taylorstown",0
"Telford",14736
"Temple",6740
"Templeton",2089
"Terre Hill",1006
"Thomasville",3647
"Thompson",1451
"Thompsontown",2237
"Thorndale",1298
"Thornton",3631
"Three Springs",2338
"Tidioute",1840
"Timblin",160
"Tioga",2509
"Tiona",282
"Tionesta",3220
"Tipton",0
"Tire Hill",0
"Titusville",12177
"Tobyhanna",12204
"Todd",305
"Topton",2348
"Torrance",516
"Toughkenamon",1181
"Towanda",9333
"Tower City",3209
"Townville",1422
"Trafford",8084
"Transfer",3030
"Treichlers",228
"Tremont",2738
"Tresckow",861
"Trevorton",2010
"Trexlertown",716
"Trout Run",3547
"Troutville",224
"Troxelville",127
"Troy",5037
"Trumbauersville",173
"Tunkhannock",12422
"Turbotville",2226
"Turkey City",0
"Turtle Creek",7974
"Turtlepoint",516
"Tuscarora",431
"Twin Rocks",0
"Tyler Hill",309
"Tylersburg",77
"Tylersport",0
"Tylersville",0
"Tyrone",13026
"Uledi",90
"Ulster",2006
"Ulysses",1935
"Union City",8391
"Union Dale",2242
"Uniontown",36374
"Unionville",283
"United",252
"Unity House",0
"Unityville",1142
"University Park",9172
"Upper Black Eddy",3656
"Upper Darby",38348
"Upperstrasburg",176
"Ursina",136
"Utica",1028
"Uwchland",0
"Valencia",6967
"Valier",138
"Valley Forge",0
"Valley View",1542
"Van Voorhis",0
"Vanderbilt",2669
"Vandergrift",9521
"Venango",901
"Venetia",5341
"Venus",1006
"Verona",18442
"Vestaburg",514
"Vicksburg",0
"Villa Maria",124
"Villanova",9189
"Vintondale",631
"Virginville",0
"Volant",3243
"Vowinckel",304
"Wagontown",0
"Wallaceton",350
"Wallingford",11222
"Walnut Bottom",579
"Walnutport",7266
"Walston",216
"Waltersburg",0
"Wampum",3418
"Wapwallopen",3356
"Warfordsburg",2628
"Warminster",37489
"Warren",19659
"Warren Center",710
"Warrendale",284
"Warrington",15679
"Warriors Mark",1554
"Washington",49735
"Washington Boro",2159
"Washington Crossing",3676
"Washingtonville",257
"Waterfall",425
"Waterford",9055
"Waterville",468
"Watsontown",6659
"Wattsburg",3048
"Waverly",668
"Waymart",4994
"Wayne",30892
"Waynesboro",25559
"Waynesburg",15493
"Weatherly",4439
"Webster",174
"Weedville",966
"Weikert",147
"Wellersburg",0
"Wells Tannery",343
"Wellsboro",10178
"Wellsville",2656
"Wendel",0
"Wernersville",7334
"West Alexander",1744
"West Chester",97875
"West Decatur",2453
"West Elizabeth",565
"West Finley",894
"West Grove",10745
"West Hickory",206
"West Lebanon",106
"West Leisenring",373
"West Middlesex",6540
"West Middletown",144
"West Mifflin",21861
"West Milton",676
"West Newton",7672
"West Pittsburg",960
"West Point",0
"West Salisbury",0
"West Springfield",1473
"West Sunbury",2346
"West Willow",0
"Westfield",2987
"Westland",189
"Westmoreland City",746
"Weston",443
"Westover",826
"Westport",156
"Westtown",0
"Wexford",18252
"Wheatland",748
"White",1116
"White Deer",351
"White Haven",5563
"White Mills",643
"Whitehall",25063
"Whitney",412
"Wickhaven",56
"Wiconisco",906
"Widnoon",0
"Wilburton",409
"Wilcox",1425
"Wildwood",0
"Wilkes Barre",77556
"Williamsburg",4368
"Williamson",100
"Williamsport",57295
"Williamstown",2568
"Willow Grove",19398
"Willow Hill",521
"Willow Street",8426
"Wilmerding",2907
"Wilmore",0
"Winburne",284
"Wind Gap",5571
"Wind Ridge",920
"Windber",11942
"Windsor",4842
"Winfield",2700
"Witmer",0
"Womelsdorf",5054
"Wood",151
"Woodbury",1137
"Woodland",2236
"Woodlyn",4427
"Woodward",364
"Woolrich",0
"Worcester",0
"Worthington",3036
"Worthville",85
"Woxall",0
"Wrightsville",7054
"Wyalusing",4066
"Wyano",332
"Wycombe",370
"Wyncote",6499
"Wynnewood",13299
"Wyoming",7608
"Wysox",1468
"Yatesboro",429
"Yeagertown",1128
"York",152387
"York Haven",4992
"York New Salem",0
"York Springs",3690
"Youngstown",496
"Youngsville",3649
"Youngwood",4340
"Yukon",704
"Zelienople",6802
"Zieglerville",270
"Zion Grove",1040
"Zionhill",0
"Zionsville",2899
"Zullinger",0

